{
  "mLSTM Sequential": {
    "experiment": "mLSTM Sequential",
    "checkpoint": null,
    "checkpoint_redacted": true,
    "test_loss": 0.8721573281348014,
    "test_accuracy": 0.6716886377903327,
    "test_accuracy_pct": 67.16886377903327,
    "num_samples": 1593,
    "per_class_accuracy": [
      94,
      42,
      55,
      69,
      98,
      75,
      53,
      44,
      75
    ],
    "confusion_matrix": [
      [
        167,
        6,
        1,
        1,
        0,
        0,
        0,
        0,
        2
      ],
      [
        44,
        74,
        52,
        6,
        0,
        0,
        1,
        0,
        0
      ],
      [
        20,
        22,
        98,
        28,
        0,
        0,
        0,
        1,
        8
      ],
      [
        2,
        4,
        11,
        122,
        0,
        0,
        1,
        11,
        26
      ],
      [
        0,
        0,
        0,
        0,
        173,
        4,
        0,
        0,
        0
      ],
      [
        0,
        0,
        0,
        0,
        19,
        132,
        18,
        7,
        1
      ],
      [
        0,
        0,
        0,
        0,
        2,
        37,
        93,
        43,
        2
      ],
      [
        0,
        1,
        0,
        5,
        3,
        12,
        13,
        78,
        65
      ],
      [
        0,
        0,
        1,
        0,
        1,
        0,
        20,
        22,
        133
      ]
    ],
    "confusion_matrix_percentage": [
      [
        94,
        3,
        1,
        1,
        0,
        0,
        0,
        0,
        1
      ],
      [
        25,
        42,
        29,
        3,
        0,
        0,
        1,
        0,
        0
      ],
      [
        11,
        12,
        55,
        16,
        0,
        0,
        0,
        1,
        5
      ],
      [
        1,
        2,
        6,
        69,
        0,
        0,
        1,
        6,
        15
      ],
      [
        0,
        0,
        0,
        0,
        98,
        2,
        0,
        0,
        0
      ],
      [
        0,
        0,
        0,
        0,
        11,
        75,
        10,
        4,
        1
      ],
      [
        0,
        0,
        0,
        0,
        1,
        21,
        53,
        24,
        1
      ],
      [
        0,
        1,
        0,
        3,
        2,
        7,
        7,
        44,
        37
      ],
      [
        0,
        0,
        1,
        0,
        1,
        0,
        11,
        12,
        75
      ]
    ],
    "vs_baseline": -2.0111362209667334,
    "vs_seislm": -3.6111362209667277
  },
  "mLSTM CR": {
    "experiment": "mLSTM CR",
    "checkpoint": null,
    "checkpoint_redacted": true,
    "test_loss": 1.387297461074774,
    "test_accuracy": 0.7696170747018205,
    "test_accuracy_pct": 76.96170747018205,
    "num_samples": 1593,
    "per_class_accuracy": [
      99,
      64,
      77,
      87,
      100,
      79,
      64,
      48,
      75
    ],
    "confusion_matrix": [
      [
        175,
        1,
        0,
        0,
        0,
        0,
        0,
        0,
        1
      ],
      [
        5,
        114,
        56,
        2,
        0,
        0,
        0,
        0,
        0
      ],
      [
        2,
        33,
        136,
        5,
        0,
        1,
        0,
        0,
        0
      ],
      [
        0,
        6,
        11,
        154,
        0,
        0,
        0,
        0,
        6
      ],
      [
        0,
        0,
        0,
        0,
        177,
        0,
        0,
        0,
        0
      ],
      [
        0,
        0,
        0,
        0,
        5,
        139,
        25,
        8,
        0
      ],
      [
        0,
        0,
        0,
        0,
        0,
        30,
        113,
        34,
        0
      ],
      [
        1,
        1,
        0,
        7,
        1,
        1,
        13,
        85,
        68
      ],
      [
        1,
        1,
        0,
        0,
        0,
        0,
        6,
        36,
        133
      ]
    ],
    "confusion_matrix_percentage": [
      [
        99,
        1,
        0,
        0,
        0,
        0,
        0,
        0,
        1
      ],
      [
        3,
        64,
        32,
        1,
        0,
        0,
        0,
        0,
        0
      ],
      [
        1,
        19,
        77,
        3,
        0,
        1,
        0,
        0,
        0
      ],
      [
        0,
        3,
        6,
        87,
        0,
        0,
        0,
        0,
        3
      ],
      [
        0,
        0,
        0,
        0,
        100,
        0,
        0,
        0,
        0
      ],
      [
        0,
        0,
        0,
        0,
        3,
        79,
        14,
        5,
        0
      ],
      [
        0,
        0,
        0,
        0,
        0,
        17,
        64,
        19,
        0
      ],
      [
        1,
        1,
        0,
        4,
        1,
        1,
        7,
        48,
        38
      ],
      [
        1,
        1,
        0,
        0,
        0,
        0,
        3,
        20,
        75
      ]
    ],
    "vs_baseline": 7.781707470182042,
    "vs_seislm": 6.181707470182047
  }
}
