{
  "callback-epoch=6-step=1137.ckpt": {
    "checkpoint": "REDACTED_PATH",
    "test_loss": 1.0037380658974082,
    "test_accuracy": 0.6679221594475832,
    "num_samples": 1593,
    "per_class_accuracy": [
      99,
      34,
      82,
      74,
      94,
      67,
      54,
      30,
      66
    ],
    "confusion_matrix": [
      [
        175,
        0,
        0,
        0,
        1,
        0,
        1,
        0,
        0
      ],
      [
        6,
        61,
        101,
        7,
        0,
        0,
        0,
        0,
        2
      ],
      [
        2,
        19,
        146,
        7,
        0,
        0,
        0,
        0,
        3
      ],
      [
        0,
        4,
        28,
        131,
        0,
        0,
        0,
        2,
        12
      ],
      [
        0,
        0,
        0,
        0,
        167,
        7,
        1,
        0,
        2
      ],
      [
        0,
        0,
        0,
        0,
        10,
        118,
        26,
        22,
        1
      ],
      [
        0,
        0,
        0,
        0,
        0,
        25,
        96,
        55,
        1
      ],
      [
        0,
        0,
        1,
        11,
        1,
        0,
        6,
        53,
        105
      ],
      [
        0,
        0,
        3,
        2,
        1,
        0,
        13,
        41,
        117
      ]
    ],
    "confusion_matrix_percentage": [
      [
        99,
        0,
        0,
        0,
        1,
        0,
        1,
        0,
        0
      ],
      [
        3,
        34,
        57,
        4,
        0,
        0,
        0,
        0,
        1
      ],
      [
        1,
        11,
        82,
        4,
        0,
        0,
        0,
        0,
        2
      ],
      [
        0,
        2,
        16,
        74,
        0,
        0,
        0,
        1,
        7
      ],
      [
        0,
        0,
        0,
        0,
        94,
        4,
        1,
        0,
        1
      ],
      [
        0,
        0,
        0,
        0,
        6,
        67,
        15,
        12,
        1
      ],
      [
        0,
        0,
        0,
        0,
        0,
        14,
        54,
        31,
        1
      ],
      [
        0,
        0,
        1,
        6,
        1,
        0,
        3,
        30,
        59
      ],
      [
        0,
        0,
        2,
        1,
        1,
        0,
        7,
        23,
        66
      ]
    ]
  },
  "epoch=14-step=2537.ckpt": {
    "checkpoint": "REDACTED_PATH",
    "test_loss": 1.5401359727677504,
    "test_accuracy": 0.6917765222849969,
    "num_samples": 1593,
    "per_class_accuracy": [
      98,
      55,
      71,
      76,
      99,
      68,
      63,
      29,
      63
    ],
    "confusion_matrix": [
      [
        174,
        1,
        0,
        0,
        1,
        0,
        1,
        0,
        0
      ],
      [
        7,
        97,
        66,
        6,
        0,
        0,
        0,
        1,
        0
      ],
      [
        0,
        41,
        126,
        8,
        1,
        0,
        0,
        0,
        1
      ],
      [
        0,
        8,
        27,
        135,
        0,
        0,
        0,
        1,
        6
      ],
      [
        0,
        0,
        0,
        0,
        176,
        1,
        0,
        0,
        0
      ],
      [
        1,
        0,
        0,
        0,
        15,
        120,
        27,
        14,
        0
      ],
      [
        0,
        0,
        0,
        0,
        0,
        28,
        111,
        37,
        1
      ],
      [
        0,
        1,
        0,
        17,
        3,
        1,
        9,
        51,
        95
      ],
      [
        0,
        0,
        2,
        4,
        1,
        0,
        13,
        45,
        112
      ]
    ],
    "confusion_matrix_percentage": [
      [
        98,
        1,
        0,
        0,
        1,
        0,
        1,
        0,
        0
      ],
      [
        4,
        55,
        37,
        3,
        0,
        0,
        0,
        1,
        0
      ],
      [
        0,
        23,
        71,
        5,
        1,
        0,
        0,
        0,
        1
      ],
      [
        0,
        5,
        15,
        76,
        0,
        0,
        0,
        1,
        3
      ],
      [
        0,
        0,
        0,
        0,
        99,
        1,
        0,
        0,
        0
      ],
      [
        1,
        0,
        0,
        0,
        8,
        68,
        15,
        8,
        0
      ],
      [
        0,
        0,
        0,
        0,
        0,
        16,
        63,
        21,
        1
      ],
      [
        0,
        1,
        0,
        10,
        2,
        1,
        5,
        29,
        54
      ],
      [
        0,
        0,
        1,
        2,
        1,
        0,
        7,
        25,
        63
      ]
    ]
  }
}